<step title="Incoming Request" date="2019-03-25T20:06:16.260" instance="ae6660" url="/api/deployments/latest?deployer=GitHub&amp;time=2019-03-25_20-05-54Z" method="GET" type="request" pid="1576,2,12" Connection="Keep-Alive" Authorization="Bas..." Host="assignment5db.scm.azurewebsites.net" User-Agent="Azure-WebSites-Controller/81.0.7.32" x-ms-request-id="d4c6601b-050f-4598-8122-dd2fef77a676" X-WAWS-Unencoded-URL="/api/deployments/latest?deployer=GitHub&amp;time=2019-03-25_20-05-54Z" CLIENT-IP="52.173.76.33:53216" X-ARR-LOG-ID="d4c6601b-050f-4598-8122-dd2fef77a676" X-SITE-DEPLOYMENT-ID="Assignment5db" WAS-DEFAULT-HOSTNAME="assignment5db.scm.azurewebsites.net" X-Forwarded-Proto="https" >
  <step title="Cleanup Xml Logs" date="2019-03-25T20:06:16.276" /><!-- duration: 0ms -->
  <step title="DeploymentService.GetResult" date="2019-03-25T20:06:16.292" >
    <step title="DeploymentService.GetLatestDeployment" date="2019-03-25T20:06:16.307" >
      <step title="DeploymentManager.GetResults" date="2019-03-25T20:06:16.307" /><!-- duration: 65ms -->
      <step title="Deployment ee63aa164c7ae2cc86f3040bdcbfdf74e6b77048 is Building" date="2019-03-25T20:06:16.372" /><!-- duration: 13ms -->
    </step><!-- duration: 78ms -->
  </step><!-- duration: 94ms -->
  <step title="Outgoing response" date="2019-03-25T20:06:16.401" type="response" statusCode="202" statusText="Accepted" Server="Microsoft-IIS/10.0" x-ms-request-id="d4c6601b-050f-4598-8122-dd2fef77a676" Cache-Control="private" X-AspNet-Version="4.0.30319" Location="https://assignment5db.scm.azurewebsites.net/api/deployments/latest?deployer=GitHub&amp;time=2019-03-25_20-05-54Z" Content-Type="application/json; charset=utf-8" /><!-- duration: 16ms -->
</step><!-- duration: 156ms -->
