<step title="Incoming Request" date="2019-03-25T20:27:45.497" instance="ae6660" url="/api/deployments/latest?deployer=GitHub&amp;time=2019-03-25_20-26-49Z" method="GET" type="request" pid="1904,2,9" Connection="Keep-Alive" Authorization="Bas..." Host="assignment5db.scm.azurewebsites.net" User-Agent="Azure-WebSites-Controller/81.0.7.32" x-ms-request-id="b5a93e1b-f73e-44cd-ab57-ee48d29739e9" X-WAWS-Unencoded-URL="/api/deployments/latest?deployer=GitHub&amp;time=2019-03-25_20-26-49Z" CLIENT-IP="52.173.76.33:43936" X-ARR-LOG-ID="b5a93e1b-f73e-44cd-ab57-ee48d29739e9" X-SITE-DEPLOYMENT-ID="Assignment5db" WAS-DEFAULT-HOSTNAME="assignment5db.scm.azurewebsites.net" X-Forwarded-Proto="https" >
  <step title="Cleanup Xml Logs" date="2019-03-25T20:27:45.515" /><!-- duration: 0ms -->
  <step title="DeploymentService.GetResult" date="2019-03-25T20:27:45.528" >
    <step title="DeploymentService.GetLatestDeployment" date="2019-03-25T20:27:45.544" >
      <step title="DeploymentManager.GetResults" date="2019-03-25T20:27:45.544" /><!-- duration: 110ms -->
      <step title="Deployment ee63aa164c7ae2cc86f3040bdcbfdf74e6b77048 is Building" date="2019-03-25T20:27:45.654" /><!-- duration: 0ms -->
    </step><!-- duration: 110ms -->
  </step><!-- duration: 141ms -->
  <step title="Outgoing response" date="2019-03-25T20:27:45.669" type="response" statusCode="202" statusText="Accepted" Server="Microsoft-IIS/10.0" x-ms-request-id="b5a93e1b-f73e-44cd-ab57-ee48d29739e9" Cache-Control="private" X-AspNet-Version="4.0.30319" Location="https://assignment5db.scm.azurewebsites.net/api/deployments/latest?deployer=GitHub&amp;time=2019-03-25_20-26-49Z" Content-Type="application/json; charset=utf-8" /><!-- duration: 0ms -->
</step><!-- duration: 172ms -->
