<step title="BackgroundTrace" date="2019-03-25T20:13:18.807" instance="ae6660" url="/deploy" method="POST" >
  <step title="Creating temporary deployment" date="2019-03-25T20:13:18.854" /><!-- duration: 31ms -->
  <step title="Performing fetch based deployment" date="2019-03-25T20:13:18.886" >
    <step title="DeploymentManager.Deploy(id:ee63aa164c7ae2cc86f3040bdcbfdf74e6b77048)" date="2019-03-25T20:13:19.535" >
      <step title="Collecting changeset information" date="2019-03-25T20:13:19.550" /><!-- duration: 63ms -->
      <step title="Updating submodules" date="2019-03-25T20:13:19.613" /><!-- duration: 47ms -->
      <step title="Determining deployment builder" date="2019-03-25T20:13:19.754" >
        <step title="Builder is PythonSiteBuilder" date="2019-03-25T20:13:19.800" /><!-- duration: 0ms -->
      </step><!-- duration: 62ms -->
      <step title="Copying SSH keys" date="2019-03-25T20:13:19.847" /><!-- duration: 0ms -->
      <step title="Building" date="2019-03-25T20:13:19.863" >
        <step title="Generating deployment script" date="2019-03-25T20:13:19.910" >
          <step title="Using cached version of the deployment script for command: -y --no-dot-deployment -r &quot;D:\home\site\repository&quot; -o &quot;D:\home\site\deployments\tools&quot; --python --sitePath &quot;D:\home\site\repository&quot;" date="2019-03-25T20:13:19.941" /><!-- duration: 16ms -->
        </step><!-- duration: 62ms -->
        <step title="Executing external process" date="2019-03-25T20:13:20.051" type="process" path="starter.cmd" arguments="&quot;D:\home\site\deployments\tools\deploy.cmd&quot;" >
          <step title="Process dump" date="2019-03-25T20:13:28.972" exitCode="255" type="processOutput" /><!-- duration: 16ms -->
        </step><!-- duration: 8937ms -->
        <step title="Error occurred" date="2019-03-25T20:13:29.004" type="error" text="
D:\Program Files (x86)\SiteExtensions\Kudu\80.10314.3823\bin\Scripts\starter.cmd &quot;D:\home\site\deployments\tools\deploy.cmd&quot;" stackTrace="   at Kudu.Core.Infrastructure.Executable.ExecuteInternal(ITracer tracer, Func`2 onWriteOutput, Func`2 onWriteError, Encoding encoding, String arguments, Object[] args) in C:\Kudu Files\Private\src\master\Kudu.Core\Infrastructure\Executable.cs:line 235
   at Kudu.Core.Infrastructure.Executable.ExecuteWithProgressWriter(ILogger logger, ITracer tracer, String arguments, Object[] args) in C:\Kudu Files\Private\src\master\Kudu.Core\Infrastructure\Executable.cs:line 137
   at Kudu.Core.Deployment.Generator.ExternalCommandBuilder.RunCommand(DeploymentContext context, String command, Boolean ignoreManifest, String message) in C:\Kudu Files\Private\src\master\Kudu.Core\Deployment\Generator\ExternalCommandBuilder.cs:line 96" /><!-- duration: 0ms -->
      </step><!-- duration: 9219ms -->
      <step title="Error occurred" date="2019-03-25T20:13:29.097" type="error" text="
D:\Program Files (x86)\SiteExtensions\Kudu\80.10314.3823\bin\Scripts\starter.cmd &quot;D:\home\site\deployments\tools\deploy.cmd&quot;" stackTrace="   at Kudu.Core.Infrastructure.Executable.ExecuteInternal(ITracer tracer, Func`2 onWriteOutput, Func`2 onWriteError, Encoding encoding, String arguments, Object[] args) in C:\Kudu Files\Private\src\master\Kudu.Core\Infrastructure\Executable.cs:line 235
   at Kudu.Core.Infrastructure.Executable.ExecuteWithProgressWriter(ILogger logger, ITracer tracer, String arguments, Object[] args) in C:\Kudu Files\Private\src\master\Kudu.Core\Infrastructure\Executable.cs:line 137
   at Kudu.Core.Deployment.Generator.ExternalCommandBuilder.RunCommand(DeploymentContext context, String command, Boolean ignoreManifest, String message) in C:\Kudu Files\Private\src\master\Kudu.Core\Deployment\Generator\ExternalCommandBuilder.cs:line 114
   at Kudu.Core.Deployment.Generator.GeneratorSiteBuilder.Build(DeploymentContext context) in C:\Kudu Files\Private\src\master\Kudu.Core\Deployment\Generator\GeneratorSiteBuilder.cs:line 38
--- End of stack trace from previous location where exception was thrown ---
   at System.Runtime.CompilerServices.TaskAwaiter.ThrowForNonSuccess(Task task)
   at System.Runtime.CompilerServices.TaskAwaiter.HandleNonSuccessAndDebuggerNotification(Task task)
   at System.Runtime.CompilerServices.TaskAwaiter.ValidateEnd(Task task)
   at Kudu.Core.Deployment.DeploymentManager.&lt;Build&gt;d__36.MoveNext() in C:\Kudu Files\Private\src\master\Kudu.Core\Deployment\DeploymentManager.cs:line 661" /><!-- duration: 0ms -->
    </step><!-- duration: 9563ms -->
    <step title="Cleaning up temp files" date="2019-03-25T20:13:29.097" /><!-- duration: 16ms -->
    <step title="WebHooksManager.PublishEventAsync: PostDeployment" date="2019-03-25T20:13:29.129" /><!-- duration: 16ms -->
  </step><!-- duration: 10275ms -->
</step><!-- duration: 10368ms -->
