<step title="BackgroundTrace" date="2019-04-03T19:49:43.520" instance="c5a3e5" url="/deploy" method="POST" >
  <step title="Performing fetch based deployment" date="2019-04-03T19:49:43.929" >
    <step title="Creating temporary deployment" date="2019-04-03T19:49:43.990" /><!-- duration: 812ms -->
    <step title="DeploymentManager.Deploy(id:8d9d776146437519c004ee787dc6fd87e5799142)" date="2019-04-03T19:49:46.464" >
      <step title="Collecting changeset information" date="2019-04-03T19:49:46.482" /><!-- duration: 45ms -->
      <step title="Updating submodules" date="2019-04-03T19:49:46.542" /><!-- duration: 49ms -->
      <step title="Determining deployment builder" date="2019-04-03T19:49:46.731" >
        <step title="Builder is PythonSiteBuilder" date="2019-04-03T19:49:46.934" /><!-- duration: 0ms -->
      </step><!-- duration: 203ms -->
      <step title="Copying SSH keys" date="2019-04-03T19:49:46.997" /><!-- duration: 18ms -->
      <step title="Building" date="2019-04-03T19:49:47.015" >
        <step title="Generating deployment script" date="2019-04-03T19:49:47.328" >
          <step title="Using cached version of the deployment script for command: -y --no-dot-deployment -r &quot;D:\home\site\repository&quot; -o &quot;D:\home\site\deployments\tools&quot; --python --sitePath &quot;D:\home\site\repository&quot;" date="2019-04-03T19:49:47.406" /><!-- duration: 0ms -->
        </step><!-- duration: 94ms -->
        <step title="Executing external process" date="2019-04-03T19:49:47.533" type="process" path="starter.cmd" arguments="&quot;D:\home\site\deployments\tools\deploy.cmd&quot;" /><!-- duration: 10408ms -->
        <step title="Skip function trigger and logicapp sync because function is not enabled." date="2019-04-03T19:49:58.052" /><!-- duration: 0ms -->
      </step><!-- duration: 11285ms -->
    </step><!-- duration: 11868ms -->
    <step title="Cleaning up temp files" date="2019-04-03T19:49:58.332" /><!-- duration: 16ms -->
    <step title="WebHooksManager.PublishEventAsync: PostDeployment" date="2019-04-03T19:49:58.363" /><!-- duration: 113ms -->
  </step><!-- duration: 14575ms -->
</step><!-- duration: 14984ms -->
