<step title="BackgroundTrace" date="2019-03-25T20:05:54.106" instance="ae6660" url="/deploy" method="POST" >
  <step title="Creating temporary deployment" date="2019-03-25T20:05:54.121" /><!-- duration: 31ms -->
  <step title="Performing fetch based deployment" date="2019-03-25T20:05:54.152" >
    <step title="DeploymentManager.Deploy(id:ee63aa164c7ae2cc86f3040bdcbfdf74e6b77048)" date="2019-03-25T20:05:57.156" >
      <step title="Collecting changeset information" date="2019-03-25T20:05:57.172" /><!-- duration: 47ms -->
      <step title="Updating submodules" date="2019-03-25T20:05:57.219" /><!-- duration: 47ms -->
      <step title="Determining deployment builder" date="2019-03-25T20:05:57.391" >
        <step title="Builder is PythonSiteBuilder" date="2019-03-25T20:05:57.422" /><!-- duration: 0ms -->
      </step><!-- duration: 47ms -->
      <step title="Copying SSH keys" date="2019-03-25T20:05:57.469" /><!-- duration: 0ms -->
      <step title="Building" date="2019-03-25T20:05:57.484" >
        <step title="Generating deployment script" date="2019-03-25T20:05:57.563" >
          <step title="Executing external process" date="2019-03-25T20:05:57.625" type="process" path="starter.cmd" arguments="&quot;D:\Program Files (x86)\SiteExtensions\Kudu\80.10314.3823\bin\node_modules\.bin\kuduscript.cmd&quot; -y --no-dot-deployment -r &quot;D:\home\site\repository&quot; -o &quot;D:\home\site\deployments\tools&quot; --python --sitePath &quot;D:\home\site\repository&quot;" /><!-- duration: 1266ms -->
          <step title="Saved cached version of the deployment script for command -y --no-dot-deployment -r &quot;D:\home\site\repository&quot; -o &quot;D:\home\site\deployments\tools&quot; --python --sitePath &quot;D:\home\site\repository&quot;" date="2019-03-25T20:05:58.910" /><!-- duration: 0ms -->
        </step><!-- duration: 1347ms -->
        <step title="Executing external process" date="2019-03-25T20:05:59.359" type="process" path="starter.cmd" arguments="&quot;D:\home\site\deployments\tools\deploy.cmd&quot;" >
          <step title="Process dump" date="2019-03-25T20:07:09.744" exitCode="255" type="processOutput" /><!-- duration: 17ms -->
        </step><!-- duration: 70401ms -->
        <step title="Error occurred" date="2019-03-25T20:07:09.775" type="error" text="
D:\Program Files (x86)\SiteExtensions\Kudu\80.10314.3823\bin\Scripts\starter.cmd &quot;D:\home\site\deployments\tools\deploy.cmd&quot;" stackTrace="   at Kudu.Core.Infrastructure.Executable.ExecuteInternal(ITracer tracer, Func`2 onWriteOutput, Func`2 onWriteError, Encoding encoding, String arguments, Object[] args) in C:\Kudu Files\Private\src\master\Kudu.Core\Infrastructure\Executable.cs:line 235
   at Kudu.Core.Infrastructure.Executable.ExecuteWithProgressWriter(ILogger logger, ITracer tracer, String arguments, Object[] args) in C:\Kudu Files\Private\src\master\Kudu.Core\Infrastructure\Executable.cs:line 137
   at Kudu.Core.Deployment.Generator.ExternalCommandBuilder.RunCommand(DeploymentContext context, String command, Boolean ignoreManifest, String message) in C:\Kudu Files\Private\src\master\Kudu.Core\Deployment\Generator\ExternalCommandBuilder.cs:line 96" /><!-- duration: 0ms -->
      </step><!-- duration: 72369ms -->
      <step title="Error occurred" date="2019-03-25T20:07:09.869" type="error" text="
D:\Program Files (x86)\SiteExtensions\Kudu\80.10314.3823\bin\Scripts\starter.cmd &quot;D:\home\site\deployments\tools\deploy.cmd&quot;" stackTrace="   at Kudu.Core.Infrastructure.Executable.ExecuteInternal(ITracer tracer, Func`2 onWriteOutput, Func`2 onWriteError, Encoding encoding, String arguments, Object[] args) in C:\Kudu Files\Private\src\master\Kudu.Core\Infrastructure\Executable.cs:line 235
   at Kudu.Core.Infrastructure.Executable.ExecuteWithProgressWriter(ILogger logger, ITracer tracer, String arguments, Object[] args) in C:\Kudu Files\Private\src\master\Kudu.Core\Infrastructure\Executable.cs:line 137
   at Kudu.Core.Deployment.Generator.ExternalCommandBuilder.RunCommand(DeploymentContext context, String command, Boolean ignoreManifest, String message) in C:\Kudu Files\Private\src\master\Kudu.Core\Deployment\Generator\ExternalCommandBuilder.cs:line 114
   at Kudu.Core.Deployment.Generator.GeneratorSiteBuilder.Build(DeploymentContext context) in C:\Kudu Files\Private\src\master\Kudu.Core\Deployment\Generator\GeneratorSiteBuilder.cs:line 38
--- End of stack trace from previous location where exception was thrown ---
   at System.Runtime.CompilerServices.TaskAwaiter.ThrowForNonSuccess(Task task)
   at System.Runtime.CompilerServices.TaskAwaiter.HandleNonSuccessAndDebuggerNotification(Task task)
   at System.Runtime.CompilerServices.TaskAwaiter.ValidateEnd(Task task)
   at Kudu.Core.Deployment.DeploymentManager.&lt;Build&gt;d__36.MoveNext() in C:\Kudu Files\Private\src\master\Kudu.Core\Deployment\DeploymentManager.cs:line 661" /><!-- duration: 0ms -->
    </step><!-- duration: 72713ms -->
    <step title="Cleaning up temp files" date="2019-03-25T20:07:09.869" /><!-- duration: 16ms -->
    <step title="WebHooksManager.PublishEventAsync: PostDeployment" date="2019-03-25T20:07:09.900" /><!-- duration: 47ms -->
  </step><!-- duration: 75826ms -->
</step><!-- duration: 75889ms -->
