<step title="BackgroundTrace" date="2019-04-03T19:43:16.313" instance="c5a3e5" url="/deploy" method="POST" >
  <step title="Performing fetch based deployment" date="2019-04-03T19:43:16.326" >
    <step title="Creating temporary deployment" date="2019-04-03T19:43:16.326" /><!-- duration: 63ms -->
    <step title="DeploymentManager.Deploy(id:a5bca0fd05c3ed3ef54a4178ff2194bee2a4bc56)" date="2019-04-03T19:43:17.507" >
      <step title="Collecting changeset information" date="2019-04-03T19:43:17.520" /><!-- duration: 47ms -->
      <step title="Updating submodules" date="2019-04-03T19:43:17.582" /><!-- duration: 94ms -->
      <step title="Determining deployment builder" date="2019-04-03T19:43:17.864" >
        <step title="Builder is PythonSiteBuilder" date="2019-04-03T19:43:17.910" /><!-- duration: 0ms -->
      </step><!-- duration: 47ms -->
      <step title="Copying SSH keys" date="2019-04-03T19:43:17.957" /><!-- duration: 0ms -->
      <step title="Building" date="2019-04-03T19:43:17.973" >
        <step title="Generating deployment script" date="2019-04-03T19:43:18.035" >
          <step title="Using cached version of the deployment script for command: -y --no-dot-deployment -r &quot;D:\home\site\repository&quot; -o &quot;D:\home\site\deployments\tools&quot; --python --sitePath &quot;D:\home\site\repository&quot;" date="2019-04-03T19:43:18.099" /><!-- duration: 0ms -->
        </step><!-- duration: 78ms -->
        <step title="Executing external process" date="2019-04-03T19:43:18.223" type="process" path="starter.cmd" arguments="&quot;D:\home\site\deployments\tools\deploy.cmd&quot;" >
          <step title="Cpu: python(6192,39.453s)+pip(6336,0.063s)+cmd(5348,0.703s)=total(40.219s)" date="2019-04-03T19:45:19.049" /><!-- duration: 0ms -->
          <step title="starter.cmd: no io activity for 61s, prev-cpu=-1.000s, current-cpu=40.219s" date="2019-04-03T19:45:19.079" /><!-- duration: 0ms -->
          <step title="Cpu: python(6192,50.281s)+pip(6336,0.063s)+cmd(5348,0.703s)=total(51.047s)" date="2019-04-03T19:46:19.645" /><!-- duration: 0ms -->
          <step title="starter.cmd: no io activity for 121s, prev-cpu=40.219s, current-cpu=51.047s" date="2019-04-03T19:46:19.661" /><!-- duration: 31ms -->
        </step><!-- duration: 241861ms -->
        <step title="Skip function trigger and logicapp sync because function is not enabled." date="2019-04-03T19:47:20.181" /><!-- duration: 12ms -->
      </step><!-- duration: 242520ms -->
    </step><!-- duration: 243002ms -->
    <step title="Cleaning up temp files" date="2019-04-03T19:47:20.508" /><!-- duration: 3336ms -->
    <step title="WebHooksManager.PublishEventAsync: PostDeployment" date="2019-04-03T19:47:23.875" /><!-- duration: 203ms -->
  </step><!-- duration: 247784ms -->
</step><!-- duration: 247827ms -->
