<step title="BackgroundTrace" date="2019-03-25T20:26:49.232" instance="ae6660" url="/deploy" method="POST" >
  <step title="Creating temporary deployment" date="2019-03-25T20:26:49.278" /><!-- duration: 47ms -->
  <step title="Performing fetch based deployment" date="2019-03-25T20:26:49.356" >
    <step title="DeploymentManager.Deploy(id:ee63aa164c7ae2cc86f3040bdcbfdf74e6b77048)" date="2019-03-25T20:26:53.034" >
      <step title="Collecting changeset information" date="2019-03-25T20:26:53.046" /><!-- duration: 62ms -->
      <step title="Updating submodules" date="2019-03-25T20:26:53.108" /><!-- duration: 63ms -->
      <step title="Determining deployment builder" date="2019-03-25T20:26:53.312" >
        <step title="Builder is PythonSiteBuilder" date="2019-03-25T20:26:53.499" /><!-- duration: 0ms -->
      </step><!-- duration: 187ms -->
      <step title="Copying SSH keys" date="2019-03-25T20:26:53.546" /><!-- duration: 17ms -->
      <step title="Building" date="2019-03-25T20:26:53.563" >
        <step title="Generating deployment script" date="2019-03-25T20:26:53.608" >
          <step title="Executing external process" date="2019-03-25T20:26:53.718" type="process" path="starter.cmd" arguments="&quot;D:\Program Files (x86)\SiteExtensions\Kudu\80.10314.3823\bin\node_modules\.bin\kuduscript.cmd&quot; -y --no-dot-deployment -r &quot;D:\home\site\repository&quot; -o &quot;D:\home\site\deployments\tools&quot; --python --sitePath &quot;D:\home\site\repository&quot;" /><!-- duration: 1063ms -->
          <step title="Saved cached version of the deployment script for command -y --no-dot-deployment -r &quot;D:\home\site\repository&quot; -o &quot;D:\home\site\deployments\tools&quot; --python --sitePath &quot;D:\home\site\repository&quot;" date="2019-03-25T20:26:54.798" /><!-- duration: 0ms -->
        </step><!-- duration: 1203ms -->
        <step title="Executing external process" date="2019-03-25T20:26:54.891" type="process" path="starter.cmd" arguments="&quot;D:\home\site\deployments\tools\deploy.cmd&quot;" >
          <step title="Process dump" date="2019-03-25T20:27:54.092" exitCode="255" type="processOutput" /><!-- duration: 14ms -->
        </step><!-- duration: 59215ms -->
        <step title="Error occurred" date="2019-03-25T20:27:54.122" type="error" text="Invalid requirement: &apos;pandas=0.23.4&apos;
= is not a valid operator. Did you mean == ?
You are using pip version 10.0.1, however version 19.0.3 is available.
You should consider upgrading via the &apos;python -m pip install --upgrade pip&apos; command.
D:\Program Files (x86)\SiteExtensions\Kudu\80.10314.3823\bin\Scripts\starter.cmd &quot;D:\home\site\deployments\tools\deploy.cmd&quot;" stackTrace="   at Kudu.Core.Infrastructure.Executable.ExecuteInternal(ITracer tracer, Func`2 onWriteOutput, Func`2 onWriteError, Encoding encoding, String arguments, Object[] args) in C:\Kudu Files\Private\src\master\Kudu.Core\Infrastructure\Executable.cs:line 235
   at Kudu.Core.Infrastructure.Executable.ExecuteWithProgressWriter(ILogger logger, ITracer tracer, String arguments, Object[] args) in C:\Kudu Files\Private\src\master\Kudu.Core\Infrastructure\Executable.cs:line 137
   at Kudu.Core.Deployment.Generator.ExternalCommandBuilder.RunCommand(DeploymentContext context, String command, Boolean ignoreManifest, String message) in C:\Kudu Files\Private\src\master\Kudu.Core\Deployment\Generator\ExternalCommandBuilder.cs:line 78" /><!-- duration: 15ms -->
      </step><!-- duration: 60653ms -->
      <step title="Error occurred" date="2019-03-25T20:27:54.216" type="error" text="Invalid requirement: &apos;pandas=0.23.4&apos;
= is not a valid operator. Did you mean == ?
You are using pip version 10.0.1, however version 19.0.3 is available.
You should consider upgrading via the &apos;python -m pip install --upgrade pip&apos; command.
D:\Program Files (x86)\SiteExtensions\Kudu\80.10314.3823\bin\Scripts\starter.cmd &quot;D:\home\site\deployments\tools\deploy.cmd&quot;" stackTrace="   at Kudu.Core.Infrastructure.Executable.ExecuteInternal(ITracer tracer, Func`2 onWriteOutput, Func`2 onWriteError, Encoding encoding, String arguments, Object[] args) in C:\Kudu Files\Private\src\master\Kudu.Core\Infrastructure\Executable.cs:line 235
   at Kudu.Core.Infrastructure.Executable.ExecuteWithProgressWriter(ILogger logger, ITracer tracer, String arguments, Object[] args) in C:\Kudu Files\Private\src\master\Kudu.Core\Infrastructure\Executable.cs:line 137
   at Kudu.Core.Deployment.Generator.ExternalCommandBuilder.RunCommand(DeploymentContext context, String command, Boolean ignoreManifest, String message) in C:\Kudu Files\Private\src\master\Kudu.Core\Deployment\Generator\ExternalCommandBuilder.cs:line 114
   at Kudu.Core.Deployment.Generator.GeneratorSiteBuilder.Build(DeploymentContext context) in C:\Kudu Files\Private\src\master\Kudu.Core\Deployment\Generator\GeneratorSiteBuilder.cs:line 41
--- End of stack trace from previous location where exception was thrown ---
   at System.Runtime.ExceptionServices.ExceptionDispatchInfo.Throw()
   at System.Runtime.CompilerServices.TaskAwaiter.HandleNonSuccessAndDebuggerNotification(Task task)
   at Kudu.Core.Deployment.DeploymentManager.&lt;Build&gt;d__36.MoveNext() in C:\Kudu Files\Private\src\master\Kudu.Core\Deployment\DeploymentManager.cs:line 662" /><!-- duration: 16ms -->
    </step><!-- duration: 61197ms -->
    <step title="Cleaning up temp files" date="2019-03-25T20:27:54.231" /><!-- duration: 16ms -->
    <step title="WebHooksManager.PublishEventAsync: PostDeployment" date="2019-03-25T20:27:54.263" /><!-- duration: 125ms -->
  </step><!-- duration: 65063ms -->
</step><!-- duration: 65187ms -->
