<step title="BackgroundTrace" date="2019-03-25T20:28:42.813" instance="ae6660" url="/deploy" method="POST" >
  <step title="Creating temporary deployment" date="2019-03-25T20:28:42.843" /><!-- duration: 63ms -->
  <step title="Performing fetch based deployment" date="2019-03-25T20:28:42.906" >
    <step title="DeploymentManager.Deploy(id:ee63aa164c7ae2cc86f3040bdcbfdf74e6b77048)" date="2019-03-25T20:28:43.475" >
      <step title="Collecting changeset information" date="2019-03-25T20:28:43.504" /><!-- duration: 31ms -->
      <step title="Updating submodules" date="2019-03-25T20:28:43.566" /><!-- duration: 47ms -->
      <step title="Determining deployment builder" date="2019-03-25T20:28:43.722" >
        <step title="Builder is PythonSiteBuilder" date="2019-03-25T20:28:43.769" /><!-- duration: 0ms -->
      </step><!-- duration: 63ms -->
      <step title="Copying SSH keys" date="2019-03-25T20:28:43.800" /><!-- duration: 16ms -->
      <step title="Building" date="2019-03-25T20:28:43.816" >
        <step title="Generating deployment script" date="2019-03-25T20:28:43.863" >
          <step title="Using cached version of the deployment script for command: -y --no-dot-deployment -r &quot;D:\home\site\repository&quot; -o &quot;D:\home\site\deployments\tools&quot; --python --sitePath &quot;D:\home\site\repository&quot;" date="2019-03-25T20:28:43.910" /><!-- duration: 0ms -->
        </step><!-- duration: 62ms -->
        <step title="Executing external process" date="2019-03-25T20:28:44.035" type="process" path="starter.cmd" arguments="&quot;D:\home\site\deployments\tools\deploy.cmd&quot;" >
          <step title="Process dump" date="2019-03-25T20:28:52.629" exitCode="255" type="processOutput" /><!-- duration: 0ms -->
        </step><!-- duration: 8610ms -->
        <step title="Error occurred" date="2019-03-25T20:28:52.644" type="error" text="Invalid requirement: &apos;pandas=0.23.4&apos;
= is not a valid operator. Did you mean == ?
You are using pip version 10.0.1, however version 19.0.3 is available.
You should consider upgrading via the &apos;python -m pip install --upgrade pip&apos; command.
D:\Program Files (x86)\SiteExtensions\Kudu\80.10314.3823\bin\Scripts\starter.cmd &quot;D:\home\site\deployments\tools\deploy.cmd&quot;" stackTrace="   at Kudu.Core.Infrastructure.Executable.ExecuteInternal(ITracer tracer, Func`2 onWriteOutput, Func`2 onWriteError, Encoding encoding, String arguments, Object[] args) in C:\Kudu Files\Private\src\master\Kudu.Core\Infrastructure\Executable.cs:line 235
   at Kudu.Core.Infrastructure.Executable.ExecuteWithProgressWriter(ILogger logger, ITracer tracer, String arguments, Object[] args) in C:\Kudu Files\Private\src\master\Kudu.Core\Infrastructure\Executable.cs:line 137
   at Kudu.Core.Deployment.Generator.ExternalCommandBuilder.RunCommand(DeploymentContext context, String command, Boolean ignoreManifest, String message) in C:\Kudu Files\Private\src\master\Kudu.Core\Deployment\Generator\ExternalCommandBuilder.cs:line 78" /><!-- duration: 16ms -->
      </step><!-- duration: 8922ms -->
      <step title="Error occurred" date="2019-03-25T20:28:52.738" type="error" text="Invalid requirement: &apos;pandas=0.23.4&apos;
= is not a valid operator. Did you mean == ?
You are using pip version 10.0.1, however version 19.0.3 is available.
You should consider upgrading via the &apos;python -m pip install --upgrade pip&apos; command.
D:\Program Files (x86)\SiteExtensions\Kudu\80.10314.3823\bin\Scripts\starter.cmd &quot;D:\home\site\deployments\tools\deploy.cmd&quot;" stackTrace="   at Kudu.Core.Infrastructure.Executable.ExecuteInternal(ITracer tracer, Func`2 onWriteOutput, Func`2 onWriteError, Encoding encoding, String arguments, Object[] args) in C:\Kudu Files\Private\src\master\Kudu.Core\Infrastructure\Executable.cs:line 235
   at Kudu.Core.Infrastructure.Executable.ExecuteWithProgressWriter(ILogger logger, ITracer tracer, String arguments, Object[] args) in C:\Kudu Files\Private\src\master\Kudu.Core\Infrastructure\Executable.cs:line 137
   at Kudu.Core.Deployment.Generator.ExternalCommandBuilder.RunCommand(DeploymentContext context, String command, Boolean ignoreManifest, String message) in C:\Kudu Files\Private\src\master\Kudu.Core\Deployment\Generator\ExternalCommandBuilder.cs:line 114
   at Kudu.Core.Deployment.Generator.GeneratorSiteBuilder.Build(DeploymentContext context) in C:\Kudu Files\Private\src\master\Kudu.Core\Deployment\Generator\GeneratorSiteBuilder.cs:line 41
--- End of stack trace from previous location where exception was thrown ---
   at System.Runtime.ExceptionServices.ExceptionDispatchInfo.Throw()
   at System.Runtime.CompilerServices.TaskAwaiter.HandleNonSuccessAndDebuggerNotification(Task task)
   at Kudu.Core.Deployment.DeploymentManager.&lt;Build&gt;d__36.MoveNext() in C:\Kudu Files\Private\src\master\Kudu.Core\Deployment\DeploymentManager.cs:line 662" /><!-- duration: 16ms -->
    </step><!-- duration: 9279ms -->
    <step title="Cleaning up temp files" date="2019-03-25T20:28:52.754" /><!-- duration: 16ms -->
    <step title="WebHooksManager.PublishEventAsync: PostDeployment" date="2019-03-25T20:28:52.785" /><!-- duration: 16ms -->
  </step><!-- duration: 9927ms -->
</step><!-- duration: 10020ms -->
