<step title="BackgroundTrace" date="2019-04-03T19:57:08.411" instance="c5a3e5" url="/deploy" method="POST" >
  <step title="Performing fetch based deployment" date="2019-04-03T19:57:08.445" >
    <step title="Creating temporary deployment" date="2019-04-03T19:57:08.445" /><!-- duration: 125ms -->
    <step title="DeploymentManager.Deploy(id:94b6c2e00aafb2679ca643ccf811003b62731c33)" date="2019-04-03T19:57:09.885" >
      <step title="Collecting changeset information" date="2019-04-03T19:57:09.902" /><!-- duration: 62ms -->
      <step title="Updating submodules" date="2019-04-03T19:57:10.012" /><!-- duration: 61ms -->
      <step title="Determining deployment builder" date="2019-04-03T19:57:10.279" >
        <step title="Builder is PythonSiteBuilder" date="2019-04-03T19:57:10.323" /><!-- duration: 0ms -->
      </step><!-- duration: 59ms -->
      <step title="Copying SSH keys" date="2019-04-03T19:57:10.370" /><!-- duration: 16ms -->
      <step title="Building" date="2019-04-03T19:57:10.385" >
        <step title="Generating deployment script" date="2019-04-03T19:57:10.448" >
          <step title="Using cached version of the deployment script for command: -y --no-dot-deployment -r &quot;D:\home\site\repository&quot; -o &quot;D:\home\site\deployments\tools&quot; --python --sitePath &quot;D:\home\site\repository&quot;" date="2019-04-03T19:57:10.512" /><!-- duration: 0ms -->
        </step><!-- duration: 78ms -->
        <step title="Executing external process" date="2019-04-03T19:57:10.623" type="process" path="starter.cmd" arguments="&quot;D:\home\site\deployments\tools\deploy.cmd&quot;" /><!-- duration: 11974ms -->
        <step title="Skip function trigger and logicapp sync because function is not enabled." date="2019-04-03T19:57:22.676" /><!-- duration: 0ms -->
      </step><!-- duration: 12760ms -->
    </step><!-- duration: 13275ms -->
    <step title="Cleaning up temp files" date="2019-04-03T19:57:23.160" /><!-- duration: 49ms -->
    <step title="WebHooksManager.PublishEventAsync: PostDeployment" date="2019-04-03T19:57:23.223" /><!-- duration: 31ms -->
  </step><!-- duration: 14841ms -->
</step><!-- duration: 14906ms -->
