<step title="BackgroundTrace" date="2019-03-25T20:14:26.634" instance="ae6660" url="/deploy" method="POST" >
  <step title="Creating temporary deployment" date="2019-03-25T20:14:26.648" /><!-- duration: 31ms -->
  <step title="Performing fetch based deployment" date="2019-03-25T20:14:26.694" >
    <step title="DeploymentManager.Deploy(id:bc5d273570364073cbe3325b2806d940ccbb21f6)" date="2019-03-25T20:14:29.821" >
      <step title="Collecting changeset information" date="2019-03-25T20:14:29.851" /><!-- duration: 47ms -->
      <step title="Updating submodules" date="2019-03-25T20:14:29.898" /><!-- duration: 47ms -->
      <step title="Determining deployment builder" date="2019-03-25T20:14:30.054" >
        <step title="Builder is PythonSiteBuilder" date="2019-03-25T20:14:30.101" /><!-- duration: 0ms -->
      </step><!-- duration: 63ms -->
      <step title="Copying SSH keys" date="2019-03-25T20:14:30.148" /><!-- duration: 0ms -->
      <step title="Building" date="2019-03-25T20:14:30.163" >
        <step title="Generating deployment script" date="2019-03-25T20:14:30.210" >
          <step title="Executing external process" date="2019-03-25T20:14:30.241" type="process" path="starter.cmd" arguments="&quot;D:\Program Files (x86)\SiteExtensions\Kudu\80.10314.3823\bin\node_modules\.bin\kuduscript.cmd&quot; -y --no-dot-deployment -r &quot;D:\home\site\repository&quot; -o &quot;D:\home\site\deployments\tools&quot; --python --sitePath &quot;D:\home\site\repository&quot;" /><!-- duration: 597ms -->
          <step title="Saved cached version of the deployment script for command -y --no-dot-deployment -r &quot;D:\home\site\repository&quot; -o &quot;D:\home\site\deployments\tools&quot; --python --sitePath &quot;D:\home\site\repository&quot;" date="2019-03-25T20:14:30.851" /><!-- duration: 16ms -->
        </step><!-- duration: 656ms -->
        <step title="Executing external process" date="2019-03-25T20:14:30.978" type="process" path="starter.cmd" arguments="&quot;D:\home\site\deployments\tools\deploy.cmd&quot;" >
          <step title="Cpu: python(1940,16.297s)+pip(1852,0.078s)+cmd(3388,0.313s)=total(16.688s)" date="2019-03-25T20:16:08.699" /><!-- duration: 0ms -->
          <step title="starter.cmd: no io activity for 61s, prev-cpu=-1.000s, current-cpu=16.688s" date="2019-03-25T20:16:08.711" /><!-- duration: 0ms -->
          <step title="Process dump" date="2019-03-25T20:17:05.784" exitCode="255" type="processOutput" /><!-- duration: 0ms -->
        </step><!-- duration: 154823ms -->
        <step title="Error occurred" date="2019-03-25T20:17:05.802" type="error" text="
D:\Program Files (x86)\SiteExtensions\Kudu\80.10314.3823\bin\Scripts\starter.cmd &quot;D:\home\site\deployments\tools\deploy.cmd&quot;" stackTrace="   at Kudu.Core.Infrastructure.Executable.ExecuteInternal(ITracer tracer, Func`2 onWriteOutput, Func`2 onWriteError, Encoding encoding, String arguments, Object[] args) in C:\Kudu Files\Private\src\master\Kudu.Core\Infrastructure\Executable.cs:line 235
   at Kudu.Core.Infrastructure.Executable.ExecuteWithProgressWriter(ILogger logger, ITracer tracer, String arguments, Object[] args) in C:\Kudu Files\Private\src\master\Kudu.Core\Infrastructure\Executable.cs:line 137
   at Kudu.Core.Deployment.Generator.ExternalCommandBuilder.RunCommand(DeploymentContext context, String command, Boolean ignoreManifest, String message) in C:\Kudu Files\Private\src\master\Kudu.Core\Deployment\Generator\ExternalCommandBuilder.cs:line 96" /><!-- duration: 14ms -->
      </step><!-- duration: 155715ms -->
      <step title="Error occurred" date="2019-03-25T20:17:05.894" type="error" text="
D:\Program Files (x86)\SiteExtensions\Kudu\80.10314.3823\bin\Scripts\starter.cmd &quot;D:\home\site\deployments\tools\deploy.cmd&quot;" stackTrace="   at Kudu.Core.Infrastructure.Executable.ExecuteInternal(ITracer tracer, Func`2 onWriteOutput, Func`2 onWriteError, Encoding encoding, String arguments, Object[] args) in C:\Kudu Files\Private\src\master\Kudu.Core\Infrastructure\Executable.cs:line 235
   at Kudu.Core.Infrastructure.Executable.ExecuteWithProgressWriter(ILogger logger, ITracer tracer, String arguments, Object[] args) in C:\Kudu Files\Private\src\master\Kudu.Core\Infrastructure\Executable.cs:line 137
   at Kudu.Core.Deployment.Generator.ExternalCommandBuilder.RunCommand(DeploymentContext context, String command, Boolean ignoreManifest, String message) in C:\Kudu Files\Private\src\master\Kudu.Core\Deployment\Generator\ExternalCommandBuilder.cs:line 114
   at Kudu.Core.Deployment.Generator.GeneratorSiteBuilder.Build(DeploymentContext context) in C:\Kudu Files\Private\src\master\Kudu.Core\Deployment\Generator\GeneratorSiteBuilder.cs:line 38
--- End of stack trace from previous location where exception was thrown ---
   at System.Runtime.CompilerServices.TaskAwaiter.ThrowForNonSuccess(Task task)
   at System.Runtime.CompilerServices.TaskAwaiter.HandleNonSuccessAndDebuggerNotification(Task task)
   at System.Runtime.CompilerServices.TaskAwaiter.ValidateEnd(Task task)
   at Kudu.Core.Deployment.DeploymentManager.&lt;Build&gt;d__36.MoveNext() in C:\Kudu Files\Private\src\master\Kudu.Core\Deployment\DeploymentManager.cs:line 661" /><!-- duration: 0ms -->
    </step><!-- duration: 156073ms -->
    <step title="Cleaning up temp files" date="2019-03-25T20:17:05.894" /><!-- duration: 16ms -->
    <step title="WebHooksManager.PublishEventAsync: PostDeployment" date="2019-03-25T20:17:05.925" /><!-- duration: 31ms -->
  </step><!-- duration: 159293ms -->
</step><!-- duration: 159353ms -->
