﻿<?xml version="1.0" encoding="utf-8"?>
<deployment>
  <id>68a9010fdb55f9274a83bf67bb4a4d7abf782da8</id>
  <author>Satya</author>
  <deployer>GitHub</deployer>
  <authorEmail>satyanarayan.chakiri@mavs.uta.edu</authorEmail>
  <message>t1
</message>
  <progress></progress>
  <status>Success</status>
  <statusText></statusText>
  <lastSuccessEndTime>2019-03-25T20:30:41.4615795Z</lastSuccessEndTime>
  <receivedTime>2019-03-25T20:29:56.8492257Z</receivedTime>
  <startTime>2019-03-25T20:29:57.0211326Z</startTime>
  <endTime>2019-03-25T20:30:41.4615795Z</endTime>
  <complete>True</complete>
  <is_temp>False</is_temp>
  <is_readonly>False</is_readonly>
</deployment>