﻿<?xml version="1.0" encoding="utf-8"?>
<deployment>
  <id>94b6c2e00aafb2679ca643ccf811003b62731c33</id>
  <author>Satya</author>
  <deployer>GitHub</deployer>
  <authorEmail>satyanarayan.chakiri@mavs.uta.edu</authorEmail>
  <message>foir
</message>
  <progress></progress>
  <status>Success</status>
  <statusText></statusText>
  <lastSuccessEndTime>2019-04-03T19:57:22.8013089Z</lastSuccessEndTime>
  <receivedTime>2019-04-03T19:57:09.9327639Z</receivedTime>
  <startTime>2019-04-03T19:57:10.214031Z</startTime>
  <endTime>2019-04-03T19:57:22.8013089Z</endTime>
  <complete>True</complete>
  <is_temp>False</is_temp>
  <is_readonly>False</is_readonly>
</deployment>