<Events><Event><System><Provider Name="HttpPlatformHandler"/><EventID>2000</EventID><Level>4</Level><Task>0</Task><Keywords>Keywords</Keywords><TimeCreated SystemTime="2019-03-25T20:05:49Z"/><EventRecordID>5274593</EventRecordID><Channel>Application</Channel><Computer>RD0003FF618A5F</Computer><Security/></System><EventData><Data>APPLICATION_MANAGER::~APPLICATION_MANAGER | this=00A49EB0 [TID 1052] [PID 4460]</Data></EventData></Event><Event><System><Provider Name="HttpPlatformHandler"/><EventID>2000</EventID><Level>4</Level><Task>0</Task><Keywords>Keywords</Keywords><TimeCreated SystemTime="2019-03-25T20:13:52Z"/><EventRecordID>5756953</EventRecordID><Channel>Application</Channel><Computer>RD0003FF618A5F</Computer><Security/></System><EventData><Data>APPLICATION_MANAGER::~APPLICATION_MANAGER | this=051D37A0 [TID 4692] [PID 1576]</Data></EventData></Event><Event><System><Provider Name="HttpPlatformHandler"/><EventID>2000</EventID><Level>4</Level><Task>0</Task><Keywords>Keywords</Keywords><TimeCreated SystemTime="2019-03-25T20:14:22Z"/><EventRecordID>5787171</EventRecordID><Channel>Application</Channel><Computer>RD0003FF618A5F</Computer><Security/></System><EventData><Data>APPLICATION_MANAGER::~APPLICATION_MANAGER | this=009D9E90 [TID 3524] [PID 3368]</Data></EventData></Event><Event><System><Provider Name="HttpPlatformHandler"/><EventID>2000</EventID><Level>4</Level><Task>0</Task><Keywords>Keywords</Keywords><TimeCreated SystemTime="2019-03-25T20:25:46Z"/><EventRecordID>6471484</EventRecordID><Channel>Application</Channel><Computer>RD0003FF618A5F</Computer><Security/></System><EventData><Data>APPLICATION_MANAGER::~APPLICATION_MANAGER | this=00673C18 [TID 4560] [PID 2900]</Data></EventData></Event><Event><System><Provider Name="HttpPlatformHandler"/><EventID>2000</EventID><Level>4</Level><Task>0</Task><Keywords>Keywords</Keywords><TimeCreated SystemTime="2019-03-25T20:26:06Z"/><EventRecordID>6491640</EventRecordID><Channel>Application</Channel><Computer>RD0003FF618A5F</Computer><Security/></System><EventData><Data>APPLICATION_MANAGER::~APPLICATION_MANAGER | this=000001D379F644C0 [TID 5024] [PID 2032]</Data></EventData></Event><Event><System><Provider Name="HttpPlatformHandler"/><EventID>2000</EventID><Level>4</Level><Task>0</Task><Keywords>Keywords</Keywords><TimeCreated SystemTime="2019-03-25T20:26:41Z"/><EventRecordID>6526906</EventRecordID><Channel>Application</Channel><Computer>RD0003FF618A5F</Computer><Security/></System><EventData><Data>APPLICATION_MANAGER::~APPLICATION_MANAGER | this=00000247A70D46E0 [TID 5060] [PID 5016]</Data></EventData></Event><Event><System><Provider Name="W3SVC-WP"/><EventID>2303</EventID><Level>2</Level><Task>0</Task><Keywords>Keywords</Keywords><TimeCreated SystemTime="2019-03-25T20:34:53Z"/><EventRecordID>7018296</EventRecordID><Channel>Application</Channel><Computer>RD0003FF618A5F</Computer><Security/></System><EventData><Data>Assignment5db</Data><Binary>02000780</Binary></EventData></Event><Event><System><Provider Name="HttpPlatformHandler"/><EventID>2000</EventID><Level>4</Level><Task>0</Task><Keywords>Keywords</Keywords><TimeCreated SystemTime="2019-03-25T20:34:53Z"/><EventRecordID>7018343</EventRecordID><Channel>Application</Channel><Computer>RD0003FF618A5F</Computer><Security/></System><EventData><Data>Change in global configuration [TID 2392] [PID 4012]</Data></EventData></Event><Event><System><Provider Name="HttpPlatformHandler"/><EventID>2000</EventID><Level>4</Level><Task>0</Task><Keywords>Keywords</Keywords><TimeCreated SystemTime="2019-03-25T20:34:53Z"/><EventRecordID>7018359</EventRecordID><Channel>Application</Channel><Computer>RD0003FF618A5F</Computer><Security/></System><EventData><Data>Global configuration changed. Change path: MACHINE/WEBROOT/APPHOST/ASSIGNMENT5DB, ApplicationManager: 000002316B87A5D0 [TID 2392] [PID 4012]</Data></EventData></Event><Event><System><Provider Name="HttpPlatformHandler"/><EventID>2000</EventID><Level>4</Level><Task>0</Task><Keywords>Keywords</Keywords><TimeCreated SystemTime="2019-03-25T20:34:53Z"/><EventRecordID>7018375</EventRecordID><Channel>Application</Channel><Computer>RD0003FF618A5F</Computer><Security/></System><EventData><Data>Recycling application MACHINE/WEBROOT/APPHOST/ASSIGNMENT5DB [TID 2392] [PID 4012]</Data></EventData></Event><Event><System><Provider Name="HttpPlatformHandler"/><EventID>2000</EventID><Level>4</Level><Task>0</Task><Keywords>Keywords</Keywords><TimeCreated SystemTime="2019-03-25T20:34:53Z"/><EventRecordID>7018390</EventRecordID><Channel>Application</Channel><Computer>RD0003FF618A5F</Computer><Security/></System><EventData><Data>Change in global configuration [TID 2392] [PID 4012]</Data></EventData></Event><Event><System><Provider Name="HttpPlatformHandler"/><EventID>2000</EventID><Level>4</Level><Task>0</Task><Keywords>Keywords</Keywords><TimeCreated SystemTime="2019-03-25T20:34:53Z"/><EventRecordID>7018406</EventRecordID><Channel>Application</Channel><Computer>RD0003FF618A5F</Computer><Security/></System><EventData><Data>Global configuration changed. Change path: MACHINE/WEBROOT/APPHOST/ASSIGNMENT5DB, ApplicationManager: 000002316B87A5D0 [TID 2392] [PID 4012]</Data></EventData></Event><Event><System><Provider Name="HttpPlatformHandler"/><EventID>2000</EventID><Level>4</Level><Task>0</Task><Keywords>Keywords</Keywords><TimeCreated SystemTime="2019-03-25T20:34:53Z"/><EventRecordID>7018421</EventRecordID><Channel>Application</Channel><Computer>RD0003FF618A5F</Computer><Security/></System><EventData><Data>Recycling application MACHINE/WEBROOT/APPHOST/ASSIGNMENT5DB [TID 2392] [PID 4012]</Data></EventData></Event><Event><System><Provider Name="HttpPlatformHandler"/><EventID>2000</EventID><Level>4</Level><Task>0</Task><Keywords>Keywords</Keywords><TimeCreated SystemTime="2019-03-25T20:34:53Z"/><EventRecordID>7018437</EventRecordID><Channel>Application</Channel><Computer>RD0003FF618A5F</Computer><Security/></System><EventData><Data>Change in global configuration [TID 2392] [PID 4012]</Data></EventData></Event><Event><System><Provider Name="HttpPlatformHandler"/><EventID>2000</EventID><Level>4</Level><Task>0</Task><Keywords>Keywords</Keywords><TimeCreated SystemTime="2019-03-25T20:34:53Z"/><EventRecordID>7018453</EventRecordID><Channel>Application</Channel><Computer>RD0003FF618A5F</Computer><Security/></System><EventData><Data>Global configuration changed. Change path: MACHINE/WEBROOT/APPHOST/~1ASSIGNMENT5DB, ApplicationManager: 000002316B87A5D0 [TID 2392] [PID 4012]</Data></EventData></Event><Event><System><Provider Name="HttpPlatformHandler"/><EventID>2000</EventID><Level>4</Level><Task>0</Task><Keywords>Keywords</Keywords><TimeCreated SystemTime="2019-03-25T20:34:53Z"/><EventRecordID>7018468</EventRecordID><Channel>Application</Channel><Computer>RD0003FF618A5F</Computer><Security/></System><EventData><Data>Recycling application MACHINE/WEBROOT/APPHOST/~1ASSIGNMENT5DB [TID 2392] [PID 4012]</Data></EventData></Event><Event><System><Provider Name="HttpPlatformHandler"/><EventID>2000</EventID><Level>4</Level><Task>0</Task><Keywords>Keywords</Keywords><TimeCreated SystemTime="2019-03-25T20:34:53Z"/><EventRecordID>7018484</EventRecordID><Channel>Application</Channel><Computer>RD0003FF618A5F</Computer><Security/></System><EventData><Data>Change in global configuration [TID 2392] [PID 4012]</Data></EventData></Event><Event><System><Provider Name="HttpPlatformHandler"/><EventID>2000</EventID><Level>4</Level><Task>0</Task><Keywords>Keywords</Keywords><TimeCreated SystemTime="2019-03-25T20:34:53Z"/><EventRecordID>7018500</EventRecordID><Channel>Application</Channel><Computer>RD0003FF618A5F</Computer><Security/></System><EventData><Data>Global configuration changed. Change path: MACHINE/WEBROOT/APPHOST/~1ASSIGNMENT5DB, ApplicationManager: 000002316B87A5D0 [TID 2392] [PID 4012]</Data></EventData></Event><Event><System><Provider Name="HttpPlatformHandler"/><EventID>2000</EventID><Level>4</Level><Task>0</Task><Keywords>Keywords</Keywords><TimeCreated SystemTime="2019-03-25T20:34:53Z"/><EventRecordID>7018515</EventRecordID><Channel>Application</Channel><Computer>RD0003FF618A5F</Computer><Security/></System><EventData><Data>Recycling application MACHINE/WEBROOT/APPHOST/~1ASSIGNMENT5DB [TID 2392] [PID 4012]</Data></EventData></Event><Event><System><Provider Name="HttpPlatformHandler"/><EventID>2000</EventID><Level>4</Level><Task>0</Task><Keywords>Keywords</Keywords><TimeCreated SystemTime="2019-03-25T20:34:54Z"/><EventRecordID>7019312</EventRecordID><Channel>Application</Channel><Computer>RD0003FF618A5F</Computer><Security/></System><EventData><Data>Change in global configuration [TID 3028] [PID 1904]</Data></EventData></Event><Event><System><Provider Name="HttpPlatformHandler"/><EventID>2000</EventID><Level>4</Level><Task>0</Task><Keywords>Keywords</Keywords><TimeCreated SystemTime="2019-03-25T20:34:54Z"/><EventRecordID>7019328</EventRecordID><Channel>Application</Channel><Computer>RD0003FF618A5F</Computer><Security/></System><EventData><Data>Global configuration changed. Change path: MACHINE/WEBROOT/APPHOST/ASSIGNMENT5DB, ApplicationManager: 000002D5BEFC19D0 [TID 3028] [PID 1904]</Data></EventData></Event><Event><System><Provider Name="HttpPlatformHandler"/><EventID>2000</EventID><Level>4</Level><Task>0</Task><Keywords>Keywords</Keywords><TimeCreated SystemTime="2019-03-25T20:34:54Z"/><EventRecordID>7019343</EventRecordID><Channel>Application</Channel><Computer>RD0003FF618A5F</Computer><Security/></System><EventData><Data>Recycling application MACHINE/WEBROOT/APPHOST/ASSIGNMENT5DB [TID 3028] [PID 1904]</Data></EventData></Event><Event><System><Provider Name="HttpPlatformHandler"/><EventID>2000</EventID><Level>4</Level><Task>0</Task><Keywords>Keywords</Keywords><TimeCreated SystemTime="2019-03-25T20:34:54Z"/><EventRecordID>7019375</EventRecordID><Channel>Application</Channel><Computer>RD0003FF618A5F</Computer><Security/></System><EventData><Data>Change in global configuration [TID 3028] [PID 1904]</Data></EventData></Event><Event><System><Provider Name="HttpPlatformHandler"/><EventID>2000</EventID><Level>4</Level><Task>0</Task><Keywords>Keywords</Keywords><TimeCreated SystemTime="2019-03-25T20:34:54Z"/><EventRecordID>7019390</EventRecordID><Channel>Application</Channel><Computer>RD0003FF618A5F</Computer><Security/></System><EventData><Data>Global configuration changed. Change path: MACHINE/WEBROOT/APPHOST/ASSIGNMENT5DB, ApplicationManager: 000002D5BEFC19D0 [TID 3028] [PID 1904]</Data></EventData></Event><Event><System><Provider Name="HttpPlatformHandler"/><EventID>2000</EventID><Level>4</Level><Task>0</Task><Keywords>Keywords</Keywords><TimeCreated SystemTime="2019-03-25T20:34:54Z"/><EventRecordID>7019406</EventRecordID><Channel>Application</Channel><Computer>RD0003FF618A5F</Computer><Security/></System><EventData><Data>Recycling application MACHINE/WEBROOT/APPHOST/ASSIGNMENT5DB [TID 3028] [PID 1904]</Data></EventData></Event><Event><System><Provider Name="HttpPlatformHandler"/><EventID>2000</EventID><Level>4</Level><Task>0</Task><Keywords>Keywords</Keywords><TimeCreated SystemTime="2019-03-25T20:34:54Z"/><EventRecordID>7019421</EventRecordID><Channel>Application</Channel><Computer>RD0003FF618A5F</Computer><Security/></System><EventData><Data>Change in global configuration [TID 3028] [PID 1904]</Data></EventData></Event><Event><System><Provider Name="HttpPlatformHandler"/><EventID>2000</EventID><Level>4</Level><Task>0</Task><Keywords>Keywords</Keywords><TimeCreated SystemTime="2019-03-25T20:34:54Z"/><EventRecordID>7019437</EventRecordID><Channel>Application</Channel><Computer>RD0003FF618A5F</Computer><Security/></System><EventData><Data>Global configuration changed. Change path: MACHINE/WEBROOT/APPHOST/~1ASSIGNMENT5DB, ApplicationManager: 000002D5BEFC19D0 [TID 3028] [PID 1904]</Data></EventData></Event><Event><System><Provider Name="HttpPlatformHandler"/><EventID>2000</EventID><Level>4</Level><Task>0</Task><Keywords>Keywords</Keywords><TimeCreated SystemTime="2019-03-25T20:34:54Z"/><EventRecordID>7019453</EventRecordID><Channel>Application</Channel><Computer>RD0003FF618A5F</Computer><Security/></System><EventData><Data>Recycling application MACHINE/WEBROOT/APPHOST/~1ASSIGNMENT5DB [TID 3028] [PID 1904]</Data></EventData></Event><Event><System><Provider Name="HttpPlatformHandler"/><EventID>2000</EventID><Level>4</Level><Task>0</Task><Keywords>Keywords</Keywords><TimeCreated SystemTime="2019-03-25T20:34:54Z"/><EventRecordID>7019484</EventRecordID><Channel>Application</Channel><Computer>RD0003FF618A5F</Computer><Security/></System><EventData><Data>Change in global configuration [TID 3028] [PID 1904]</Data></EventData></Event><Event><System><Provider Name="HttpPlatformHandler"/><EventID>2000</EventID><Level>4</Level><Task>0</Task><Keywords>Keywords</Keywords><TimeCreated SystemTime="2019-03-25T20:34:54Z"/><EventRecordID>7019500</EventRecordID><Channel>Application</Channel><Computer>RD0003FF618A5F</Computer><Security/></System><EventData><Data>Global configuration changed. Change path: MACHINE/WEBROOT/APPHOST/~1ASSIGNMENT5DB, ApplicationManager: 000002D5BEFC19D0 [TID 3028] [PID 1904]</Data></EventData></Event><Event><System><Provider Name="HttpPlatformHandler"/><EventID>2000</EventID><Level>4</Level><Task>0</Task><Keywords>Keywords</Keywords><TimeCreated SystemTime="2019-03-25T20:34:54Z"/><EventRecordID>7019531</EventRecordID><Channel>Application</Channel><Computer>RD0003FF618A5F</Computer><Security/></System><EventData><Data>Recycling application MACHINE/WEBROOT/APPHOST/~1ASSIGNMENT5DB [TID 3028] [PID 1904]</Data></EventData></Event><Event><System><Provider Name="W3SVC-WP"/><EventID>2303</EventID><Level>2</Level><Task>0</Task><Keywords>Keywords</Keywords><TimeCreated SystemTime="2019-03-25T20:34:55Z"/><EventRecordID>7020359</EventRecordID><Channel>Application</Channel><Computer>RD0003FF618A5F</Computer><Security/></System><EventData><Data>Assignment5db</Data><Binary>02000780</Binary></EventData></Event><Event><System><Provider Name="HttpPlatformHandler"/><EventID>2000</EventID><Level>4</Level><Task>0</Task><Keywords>Keywords</Keywords><TimeCreated SystemTime="2019-03-25T20:38:00Z"/><EventRecordID>7205750</EventRecordID><Channel>Application</Channel><Computer>RD0003FF618A5F</Computer><Security/></System><EventData><Data>APPLICATION_MANAGER::~APPLICATION_MANAGER | this=000002D5BEFC19D0 [TID 1952] [PID 1904]</Data></EventData></Event><Event><System><Provider Name="HttpPlatformHandler"/><EventID>2000</EventID><Level>4</Level><Task>0</Task><Keywords>Keywords</Keywords><TimeCreated SystemTime="2019-03-25T20:38:01Z"/><EventRecordID>7206593</EventRecordID><Channel>Application</Channel><Computer>RD0003FF618A5F</Computer><Security/></System><EventData><Data>APPLICATION_MANAGER::~APPLICATION_MANAGER | this=000002316B87A5D0 [TID 2392] [PID 4012]</Data></EventData></Event><Event><System><Provider Name="HttpPlatformHandler"/><EventID>2000</EventID><Level>4</Level><Task>0</Task><Keywords>Keywords</Keywords><TimeCreated SystemTime="2019-03-25T20:56:17Z"/><EventRecordID>8302156</EventRecordID><Channel>Application</Channel><Computer>RD0003FF618A5F</Computer><Security/></System><EventData><Data>Change in global configuration [TID 1928] [PID 4732]</Data></EventData></Event><Event><System><Provider Name="HttpPlatformHandler"/><EventID>2000</EventID><Level>4</Level><Task>0</Task><Keywords>Keywords</Keywords><TimeCreated SystemTime="2019-03-25T20:56:17Z"/><EventRecordID>8302187</EventRecordID><Channel>Application</Channel><Computer>RD0003FF618A5F</Computer><Security/></System><EventData><Data>Global configuration changed. Change path: MACHINE/WEBROOT/APPHOST/ASSIGNMENT5DB, ApplicationManager: 0000028A685D25F0 [TID 1928] [PID 4732]</Data></EventData></Event><Event><System><Provider Name="HttpPlatformHandler"/><EventID>2000</EventID><Level>4</Level><Task>0</Task><Keywords>Keywords</Keywords><TimeCreated SystemTime="2019-03-25T20:56:17Z"/><EventRecordID>8302218</EventRecordID><Channel>Application</Channel><Computer>RD0003FF618A5F</Computer><Security/></System><EventData><Data>Recycling application MACHINE/WEBROOT/APPHOST/ASSIGNMENT5DB [TID 1928] [PID 4732]</Data></EventData></Event><Event><System><Provider Name="HttpPlatformHandler"/><EventID>2000</EventID><Level>4</Level><Task>0</Task><Keywords>Keywords</Keywords><TimeCreated SystemTime="2019-03-25T20:56:23Z"/><EventRecordID>8308406</EventRecordID><Channel>Application</Channel><Computer>RD0003FF618A5F</Computer><Security/></System><EventData><Data>Change in global configuration [TID 2948] [PID 4732]</Data></EventData></Event><Event><System><Provider Name="HttpPlatformHandler"/><EventID>2000</EventID><Level>4</Level><Task>0</Task><Keywords>Keywords</Keywords><TimeCreated SystemTime="2019-03-25T20:56:23Z"/><EventRecordID>8308437</EventRecordID><Channel>Application</Channel><Computer>RD0003FF618A5F</Computer><Security/></System><EventData><Data>Global configuration changed. Change path: MACHINE/WEBROOT/APPHOST/ASSIGNMENT5DB, ApplicationManager: 0000028A685D25F0 [TID 2948] [PID 4732]</Data></EventData></Event><Event><System><Provider Name="HttpPlatformHandler"/><EventID>2000</EventID><Level>4</Level><Task>0</Task><Keywords>Keywords</Keywords><TimeCreated SystemTime="2019-03-25T20:56:23Z"/><EventRecordID>8308453</EventRecordID><Channel>Application</Channel><Computer>RD0003FF618A5F</Computer><Security/></System><EventData><Data>Recycling application MACHINE/WEBROOT/APPHOST/ASSIGNMENT5DB [TID 2948] [PID 4732]</Data></EventData></Event><Event><System><Provider Name="HttpPlatformHandler"/><EventID>2000</EventID><Level>4</Level><Task>0</Task><Keywords>Keywords</Keywords><TimeCreated SystemTime="2019-03-25T20:56:52Z"/><EventRecordID>8336953</EventRecordID><Channel>Application</Channel><Computer>RD0003FF618A5F</Computer><Security/></System><EventData><Data>APPLICATION_MANAGER::~APPLICATION_MANAGER | this=0000028A685D25F0 [TID 4436] [PID 4732]</Data></EventData></Event><Event><System><Provider Name="HttpPlatformHandler"/><EventID>2000</EventID><Level>4</Level><Task>0</Task><Keywords>Keywords</Keywords><TimeCreated SystemTime="2019-03-25T20:56:53Z"/><EventRecordID>8338015</EventRecordID><Channel>Application</Channel><Computer>RD0003FF618A5F</Computer><Security/></System><EventData><Data>APPLICATION_MANAGER::~APPLICATION_MANAGER | this=0000023F29E66C20 [TID 5004] [PID 1000]</Data></EventData></Event><Event><System><Provider Name="HttpPlatformHandler"/><EventID>2000</EventID><Level>4</Level><Task>0</Task><Keywords>Keywords</Keywords><TimeCreated SystemTime="2019-03-26T09:38:43Z"/><EventRecordID>54047531</EventRecordID><Channel>Application</Channel><Computer>RD0003FF618A5F</Computer><Security/></System><EventData><Data>APPLICATION_MANAGER::~APPLICATION_MANAGER | this=00000293A5E7D850 [TID 3376] [PID 5004]</Data></EventData></Event><Event><System><Provider Name="HttpPlatformHandler"/><EventID>2000</EventID><Level>4</Level><Task>0</Task><Keywords>Keywords</Keywords><TimeCreated SystemTime="2019-04-03T19:35:14Z"/><EventRecordID>412445937</EventRecordID><Channel>Application</Channel><Computer>RD0003FF626E8A</Computer><Security/></System><EventData><Data>Change in global configuration [TID 7148] [PID 1060]</Data></EventData></Event><Event><System><Provider Name="HttpPlatformHandler"/><EventID>2000</EventID><Level>4</Level><Task>0</Task><Keywords>Keywords</Keywords><TimeCreated SystemTime="2019-04-03T19:35:14Z"/><EventRecordID>412445968</EventRecordID><Channel>Application</Channel><Computer>RD0003FF626E8A</Computer><Security/></System><EventData><Data>Global configuration changed. Change path: MACHINE/WEBROOT/APPHOST/ASSIGNMENT5DB, ApplicationManager: 0000017441AF0270 [TID 7148] [PID 1060]</Data></EventData></Event><Event><System><Provider Name="HttpPlatformHandler"/><EventID>2000</EventID><Level>4</Level><Task>0</Task><Keywords>Keywords</Keywords><TimeCreated SystemTime="2019-04-03T19:35:14Z"/><EventRecordID>412445984</EventRecordID><Channel>Application</Channel><Computer>RD0003FF626E8A</Computer><Security/></System><EventData><Data>Recycling application MACHINE/WEBROOT/APPHOST/ASSIGNMENT5DB [TID 7148] [PID 1060]</Data></EventData></Event><Event><System><Provider Name="HttpPlatformHandler"/><EventID>2000</EventID><Level>4</Level><Task>0</Task><Keywords>Keywords</Keywords><TimeCreated SystemTime="2019-04-03T19:35:43Z"/><EventRecordID>412474859</EventRecordID><Channel>Application</Channel><Computer>RD0003FF626E8A</Computer><Security/></System><EventData><Data>Change in global configuration [TID 5928] [PID 1060]</Data></EventData></Event><Event><System><Provider Name="HttpPlatformHandler"/><EventID>2000</EventID><Level>4</Level><Task>0</Task><Keywords>Keywords</Keywords><TimeCreated SystemTime="2019-04-03T19:35:43Z"/><EventRecordID>412474890</EventRecordID><Channel>Application</Channel><Computer>RD0003FF626E8A</Computer><Security/></System><EventData><Data>Global configuration changed. Change path: MACHINE/WEBROOT/APPHOST/ASSIGNMENT5DB, ApplicationManager: 0000017441AF0270 [TID 5928] [PID 1060]</Data></EventData></Event><Event><System><Provider Name="HttpPlatformHandler"/><EventID>2000</EventID><Level>4</Level><Task>0</Task><Keywords>Keywords</Keywords><TimeCreated SystemTime="2019-04-03T19:35:43Z"/><EventRecordID>412474921</EventRecordID><Channel>Application</Channel><Computer>RD0003FF626E8A</Computer><Security/></System><EventData><Data>Recycling application MACHINE/WEBROOT/APPHOST/ASSIGNMENT5DB [TID 5928] [PID 1060]</Data></EventData></Event><Event><System><Provider Name="HttpPlatformHandler"/><EventID>2000</EventID><Level>4</Level><Task>0</Task><Keywords>Keywords</Keywords><TimeCreated SystemTime="2019-04-03T19:43:21Z"/><EventRecordID>412933109</EventRecordID><Channel>Application</Channel><Computer>RD0003FF626E8A</Computer><Security/></System><EventData><Data>Change in global configuration [TID 6644] [PID 1060]</Data></EventData></Event><Event><System><Provider Name="HttpPlatformHandler"/><EventID>2000</EventID><Level>4</Level><Task>0</Task><Keywords>Keywords</Keywords><TimeCreated SystemTime="2019-04-03T19:43:21Z"/><EventRecordID>412933156</EventRecordID><Channel>Application</Channel><Computer>RD0003FF626E8A</Computer><Security/></System><EventData><Data>Global configuration changed. Change path: MACHINE/WEBROOT/APPHOST/ASSIGNMENT5DB, ApplicationManager: 0000017441AF0270 [TID 6644] [PID 1060]</Data></EventData></Event><Event><System><Provider Name="HttpPlatformHandler"/><EventID>2000</EventID><Level>4</Level><Task>0</Task><Keywords>Keywords</Keywords><TimeCreated SystemTime="2019-04-03T19:43:21Z"/><EventRecordID>412933171</EventRecordID><Channel>Application</Channel><Computer>RD0003FF626E8A</Computer><Security/></System><EventData><Data>Recycling application MACHINE/WEBROOT/APPHOST/ASSIGNMENT5DB [TID 6644] [PID 1060]</Data></EventData></Event><Event><System><Provider Name="HttpPlatformHandler"/><EventID>2000</EventID><Level>4</Level><Task>0</Task><Keywords>Keywords</Keywords><TimeCreated SystemTime="2019-04-03T19:47:20Z"/><EventRecordID>413171609</EventRecordID><Channel>Application</Channel><Computer>RD0003FF626E8A</Computer><Security/></System><EventData><Data>Change in global configuration [TID 6668] [PID 1060]</Data></EventData></Event><Event><System><Provider Name="HttpPlatformHandler"/><EventID>2000</EventID><Level>4</Level><Task>0</Task><Keywords>Keywords</Keywords><TimeCreated SystemTime="2019-04-03T19:47:20Z"/><EventRecordID>413171640</EventRecordID><Channel>Application</Channel><Computer>RD0003FF626E8A</Computer><Security/></System><EventData><Data>Global configuration changed. Change path: MACHINE/WEBROOT/APPHOST/ASSIGNMENT5DB, ApplicationManager: 0000017441AF0270 [TID 6668] [PID 1060]</Data></EventData></Event><Event><System><Provider Name="HttpPlatformHandler"/><EventID>2000</EventID><Level>4</Level><Task>0</Task><Keywords>Keywords</Keywords><TimeCreated SystemTime="2019-04-03T19:47:20Z"/><EventRecordID>413171671</EventRecordID><Channel>Application</Channel><Computer>RD0003FF626E8A</Computer><Security/></System><EventData><Data>Recycling application MACHINE/WEBROOT/APPHOST/ASSIGNMENT5DB [TID 6668] [PID 1060]</Data></EventData></Event><Event><System><Provider Name="HttpPlatformHandler"/><EventID>2000</EventID><Level>4</Level><Task>0</Task><Keywords>Keywords</Keywords><TimeCreated SystemTime="2019-04-03T19:48:30Z"/><EventRecordID>413242046</EventRecordID><Channel>Application</Channel><Computer>RD0003FF626E8A</Computer><Security/></System><EventData><Data>APPLICATION_MANAGER::~APPLICATION_MANAGER | this=0000017441AF0270 [TID 6840] [PID 1060]</Data></EventData></Event><Event><System><Provider Name="HttpPlatformHandler"/><EventID>2000</EventID><Level>4</Level><Task>0</Task><Keywords>Keywords</Keywords><TimeCreated SystemTime="2019-04-03T19:49:22Z"/><EventRecordID>413294125</EventRecordID><Channel>Application</Channel><Computer>RD0003FF626E8A</Computer><Security/></System><EventData><Data>APPLICATION_MANAGER::~APPLICATION_MANAGER | this=000001948C2EA1C0 [TID 3124] [PID 2516]</Data></EventData></Event><Event><System><Provider Name="HttpPlatformHandler"/><EventID>2000</EventID><Level>4</Level><Task>0</Task><Keywords>Keywords</Keywords><TimeCreated SystemTime="2019-04-03T19:49:23Z"/><EventRecordID>413295312</EventRecordID><Channel>Application</Channel><Computer>RD0003FF626E8A</Computer><Security/></System><EventData><Data>APPLICATION_MANAGER::~APPLICATION_MANAGER | this=000001DE25221440 [TID 5368] [PID 3248]</Data></EventData></Event><Event><System><Provider Name="HttpPlatformHandler"/><EventID>2000</EventID><Level>4</Level><Task>0</Task><Keywords>Keywords</Keywords><TimeCreated SystemTime="2019-04-03T19:57:13Z"/><EventRecordID>413765390</EventRecordID><Channel>Application</Channel><Computer>RD0003FF626E8A</Computer><Security/></System><EventData><Data>Change in global configuration [TID 6752] [PID 2928]</Data></EventData></Event><Event><System><Provider Name="HttpPlatformHandler"/><EventID>2000</EventID><Level>4</Level><Task>0</Task><Keywords>Keywords</Keywords><TimeCreated SystemTime="2019-04-03T19:57:13Z"/><EventRecordID>413765421</EventRecordID><Channel>Application</Channel><Computer>RD0003FF626E8A</Computer><Security/></System><EventData><Data>Global configuration changed. Change path: MACHINE/WEBROOT/APPHOST/ASSIGNMENT5DB, ApplicationManager: 00000278155918C0 [TID 6752] [PID 2928]</Data></EventData></Event><Event><System><Provider Name="HttpPlatformHandler"/><EventID>2000</EventID><Level>4</Level><Task>0</Task><Keywords>Keywords</Keywords><TimeCreated SystemTime="2019-04-03T19:57:14Z"/><EventRecordID>413765484</EventRecordID><Channel>Application</Channel><Computer>RD0003FF626E8A</Computer><Security/></System><EventData><Data>Recycling application MACHINE/WEBROOT/APPHOST/ASSIGNMENT5DB [TID 6752] [PID 2928]</Data></EventData></Event><Event><System><Provider Name="HttpPlatformHandler"/><EventID>2000</EventID><Level>4</Level><Task>0</Task><Keywords>Keywords</Keywords><TimeCreated SystemTime="2019-04-03T19:57:22Z"/><EventRecordID>413774062</EventRecordID><Channel>Application</Channel><Computer>RD0003FF626E8A</Computer><Security/></System><EventData><Data>Change in global configuration [TID 7020] [PID 2928]</Data></EventData></Event><Event><System><Provider Name="HttpPlatformHandler"/><EventID>2000</EventID><Level>4</Level><Task>0</Task><Keywords>Keywords</Keywords><TimeCreated SystemTime="2019-04-03T19:57:22Z"/><EventRecordID>413774093</EventRecordID><Channel>Application</Channel><Computer>RD0003FF626E8A</Computer><Security/></System><EventData><Data>Global configuration changed. Change path: MACHINE/WEBROOT/APPHOST/ASSIGNMENT5DB, ApplicationManager: 00000278155918C0 [TID 7020] [PID 2928]</Data></EventData></Event><Event><System><Provider Name="HttpPlatformHandler"/><EventID>2000</EventID><Level>4</Level><Task>0</Task><Keywords>Keywords</Keywords><TimeCreated SystemTime="2019-04-03T19:57:22Z"/><EventRecordID>413774109</EventRecordID><Channel>Application</Channel><Computer>RD0003FF626E8A</Computer><Security/></System><EventData><Data>Recycling application MACHINE/WEBROOT/APPHOST/ASSIGNMENT5DB [TID 7020] [PID 2928]</Data></EventData></Event><Event><System><Provider Name="HttpPlatformHandler"/><EventID>2000</EventID><Level>4</Level><Task>0</Task><Keywords>Keywords</Keywords><TimeCreated SystemTime="2019-04-03T19:58:21Z"/><EventRecordID>413833406</EventRecordID><Channel>Application</Channel><Computer>RD0003FF626E8A</Computer><Security/></System><EventData><Data>APPLICATION_MANAGER::~APPLICATION_MANAGER | this=00000278155918C0 [TID 5784] [PID 2928]</Data></EventData></Event><Event><System><Provider Name="HttpPlatformHandler"/><EventID>2000</EventID><Level>4</Level><Task>0</Task><Keywords>Keywords</Keywords><TimeCreated SystemTime="2019-04-03T19:58:22Z"/><EventRecordID>413834421</EventRecordID><Channel>Application</Channel><Computer>RD0003FF626E8A</Computer><Security/></System><EventData><Data>APPLICATION_MANAGER::~APPLICATION_MANAGER | this=000001C2DFF39680 [TID 4444] [PID 4516]</Data></EventData></Event></Events>
