﻿<?xml version="1.0" encoding="utf-8"?>
<deployment>
  <id>8d9d776146437519c004ee787dc6fd87e5799142</id>
  <author>Satya</author>
  <deployer>GitHub</deployer>
  <authorEmail>satyanarayan.chakiri@mavs.uta.edu</authorEmail>
  <message>three
</message>
  <progress></progress>
  <status>Success</status>
  <statusText></statusText>
  <lastSuccessEndTime>2019-04-03T19:49:58.1289873Z</lastSuccessEndTime>
  <receivedTime>2019-04-03T19:49:46.5113626Z</receivedTime>
  <startTime>2019-04-03T19:49:46.701269Z</startTime>
  <endTime>2019-04-03T19:49:58.1289873Z</endTime>
  <complete>True</complete>
  <is_temp>False</is_temp>
  <is_readonly>False</is_readonly>
</deployment>